수집시각,순위,브랜드,상품명,위시수,가격
2026-07-24 10:15,1,오쏘몰,독일 명품 비타민 오쏘몰 이뮨 멀티비타민&미네랄 8입(7+1) - 단독 기프트박스 증정 (공식수입),180714,34000
2026-07-24 10:15,2,옵티젠,한국인 맞춤 비타민 옵티젠 이뮨 멀티비타민&미네랄 10입 / 1박스 (+GIFT 쇼핑백),52232,26900
2026-07-24 10:15,3,정관장,면역력 선물 [정관장] 에브리타임 레귤러 (10ml x 30포) _ 대한민국 명품 홍삼정농축액 함유,45934,67000
2026-07-24 10:15,4,오쏘몰,독일 명품 비타민 오쏘몰 이뮨 멀티비타민&미네랄 30입 - 시그니처 기프트 에디션 (공식수입),46773,109000
2026-07-24 10:15,5,고려은단,고함량 비타민C 고려은단 메가도스C 3000 100포 / 분말비타민C,17699,23900
2026-07-24 10:15,6,정관장,에너지선물 [정관장] 활기력 에너지박스 (20ml x 20병),36503,39900
2026-07-24 10:15,7,정관장,신상비타민선물 [정관장] 활기마이트(액상30ml+분말500mg) 7입 + [증정] 1입,8761,35000
2026-07-24 10:15,8,센트룸,[리뷰이벤트/센트룸] 맛있는 멀티비타민 미네랄 멀티구미 (80구미),55907,24000
2026-07-24 10:15,9,오쏘몰,독일 명품 비타민 오쏘몰 이뮨 멀티비타민&미네랄 10입 - 슬리브 기프트 에디션 (공식수입),10204,45000
2026-07-24 10:15,10,뉴트리포유,명품 비타민 뉴트리포유 듀얼+ 이뮨 종합 멀티비타민&미네랄 7입+2입 증정 - 선물하기 단독 에디션,26544,19900
2026-07-24 10:15,11,정관장,"[정관장] 활기력부스터 박스 (400mg x 20정 + 20ml x 20병,이중복합제형)",14980,55000
2026-07-24 10:15,12,종근당,올인원 명품비타민 이뮨 멀티비타민 미네랄 7입+비타민젤리 마시는 액상 종합 비타민 수험생 직장인 부모님 건강 선물,37413,23800
2026-07-24 10:15,13,GNM자연의품격,"""+쿨링티슈 증정"" GNM 올인원 이뮨 액상 종합비타민 2박스 (총 14병) / 멀티비타민 이뮨비타민 이뮨샷 비타민",29484,32900
2026-07-24 10:15,14,오쏘몰,성별 맞춤 설계 오쏘몰 바이탈 m/f 남성/여성 선택가능 14입 - 시그니처 기프트 에디션 (공식수입),11093,59800
2026-07-24 10:15,15,정관장,[정관장] 활기력 (20ml x 10병),30293,29000
2026-07-24 10:15,16,닥터블릿,"""올인원 명품비타민"" 이뮨비타민 올인원 멀티비타민&미네랄 프로 30병+쇼핑백증정",4734,52900
2026-07-24 10:15,17,정관장,에너지선물 [정관장] 활기력 맥스 에너지박스 (20ml x 16병),25690,38500
2026-07-24 10:15,18,종근당건강,비타민 선물 추천 아임비타 멀티비타민 이뮨샷 1박스(5입) / 비타민선물 응원선물 에너지 선물 직장동료 선물,30760,15900
2026-07-24 10:15,19,옵티젠,한국인 맞춤 비타민 옵티젠 이뮨 멀티비타민&미네랄 30입 / 1박스,2292,59900
2026-07-24 10:15,20,고려은단,고려은단 메가도스 이뮨샷 최고심 에디션 (20개입) / 멀티비타민 아미노산 아르기닌,26214,37900
2026-07-24 10:15,21,옵티젠,한국인 맞춤 비타민 옵티젠 이뮨 멀티비타민&미네랄 / 옵티젠 리프레쉬 마그네슘&징코플러스/ 바이탈 밀크씨슬&비타민(7입) 택1,6272,19900
2026-07-24 10:15,22,오쏘몰,독일 명품 비타민 오쏘몰 이뮨 멀티비타민&미네랄 21입 - 시그니처 기프트 에디션 (공식수입),10014,79000
2026-07-24 10:15,23,옵티젠,"""간건강+스트레스 피로개선""옵티젠 바이탈 밀크씨슬&비타민(B,C,D,E)or리프레쉬 마그네슘&징코플러스 10입",13822,29900
2026-07-24 10:15,24,정관장,[정관장] 에브리타임 (10ml x 30포) _ 대한민국 명품 홍삼,7861,107000
2026-07-24 10:15,25,정관장,[정관장] 에브리타임 샷 (20ml x 30병) _ 대한민국 명품 홍삼정농축액 함유,13255,77900
2026-07-24 10:15,26,원기담,"아미노루틴 원기담 아미노 활력 부스터_20ml 30병_13종 아미노산, 30일분",5269,30000
2026-07-24 10:15,27,려원담,"""면역력과 피로개선 필요한 당신"" 6년근 홍삼정 에버타임 홍삼 스틱 30포 (쇼핑백)",7813,26900
2026-07-24 10:15,28,려원담,"추천GIFT ""활력과 기력이 필요한 당신"" 6년근 홍삼 활기담 홍삼 앰플 30병 (쇼핑백)_건강기능식품",12849,47000
2026-07-24 10:15,29,센트룸,[센트룸] Best 멀티비타민 6종 택1 (맨/우먼/칼슘+D/에너지B),28492,27000
2026-07-24 10:15,30,정원삼,"""면역력 증진"" 정원삼 6년근 고려홍삼정 365스틱 30포",27530,28900
2026-07-24 10:15,31,뉴트리포유,명품 비타민 뉴트리포유 듀얼+ 이뮨 종합 멀티비타민&미네랄 30입+2입 증정 - 선물하기 단독 기획팩,5262,56900
2026-07-24 10:15,32,정관장,[정관장] 아미노 활기력샷 (20ml x 30병),3954,45000
2026-07-24 10:15,33,메디트리,올인원 이뮨 멀티비타민 14+2입 종합 액상 비타민 복날 수험생 부모님 직장인 선물,8971,33900
2026-07-24 10:15,34,뉴트리원,1등 비타민 [비타민 추천] [뉴트리원] 올인원 종합비타민 이뮨샷 2박스 2병 +쇼핑백 / 멀티비타민&미네랄&명품비타민,10049,34800
2026-07-24 10:15,35,정관장,[정관장] 에브리타임 샷 (20ml x 20병) _ 대한민국 명품 홍삼정농축액 함유,9752,56300
2026-07-24 10:15,36,유한건강생활,비타민선물 [호빵맨 키링 증정] 돌려서 톡! 호빵맨 트위스트샷 에너지 10개입 / 고함량 멀티비타민&미네랄 응원선물 직장동료선물,7299,30000
2026-07-24 10:15,37,CJ웰케어,편안한 밤 필수템 식물성 멜라토닌 1mg 구미 젤리 멜라메이트 1박스 (20구미) 수험생/직장인 선물,5223,9900
2026-07-24 10:15,38,고려은단,1등 비타민C 고려은단 비타민C 1000 300정 (10개월분),5691,30000
2026-07-24 10:15,39,홀랜드앤바렛,영국에서 온 프리미엄 비타민 홀랜드앤바렛 영양제 3종 세트 (비타민C+필케이스 증정),27963,35100
2026-07-24 10:15,40,닥터브라이언,"복숭아 비타민 젤리 맛있는 복숭아 비타민C&D 구미 기획전 (멀티비타민,비오틴,비타민D 등)",14575,15900
2026-07-24 10:15,41,정관장(LuX),[정관장] 에브리타임 샷 코어 (20ml x 30병) _ 대한민국 명품 홍삼,2862,115700
2026-07-24 10:15,42,고려은단,고함량 비타민C 고려은단 메가도스C 3000 100포 X 2개 / 분말비타민C,1159,47900
2026-07-24 10:15,43,RU21,카카오 단독 사은품 증정! 센스있는 선물 [비타민C 6정 증정] RU21 클리어 샷 멀티비타민&미네랄 7개입 x 2박스(총 14병) / 이뮨비타민 건강 응원 선물 활력,1192,32900
2026-07-24 10:15,44,원기담,"""당신을 위한 면역력"" 원기담 6년근 홍삼정 활력 20gx20병_춘식이, 라이언 부채 증정",9765,29500
2026-07-24 10:15,45,GNM자연의품격,"""30일팩"" [한판에 종합비타민+밀크씨슬+루테인+알티지오메가3] GNM 올인원 뉴트리션 멀티비타민 1박스",20371,35900
2026-07-24 10:15,46,정관장,[정관장] 활기력 (20ml X 16병),11955,46000
2026-07-24 10:15,47,설혜담,단독 진세노 10mg [파워이뮨 비타민 증정] 춘식이가 응원해! 힘내라 홍삼정 6년근 홍삼스틱 30포 1박스/생일 축하 대박 친구 직장 응원,22878,17900
2026-07-24 10:15,48,고려은단,고려은단 비타민C 1000 180정/이지+비타민D 180정(2종 택1),23267,18000
2026-07-24 10:15,49,종근당,직장인 30일 습관 이뮨듀오 올인원 비타민 멀티팩 1박스/ 밀크씨슬+테아닌+멀티비타민 미네랄 간 건강 피로개선 피로회복+쇼핑백,8065,39500
2026-07-24 10:15,50,종근당건강,비타민 선물 추천 아임비타 멀티비타민 이뮨샷 3박스(15입) + 파우치 증정 / 비타민선물 응원선물 에너지 선물 직장동료 선물,4986,34900
2026-07-24 10:15,51,종근당건강,아임비타 이뮨샷 포차코에디션 10입 + 밀크컵 증정 /멀티비타민 비타민선물 응원선물 에너지 선물 직장동료선물,67657,27900
2026-07-24 10:15,52,CJ웰케어,"직장인 선물추천 CJ 하루한알 건강구미 선물세트 멀티비타민&루테인&비타민D아연&비오틴 (총6개, 60구미)",1928,13900
2026-07-24 10:15,53,옵티젠,심쿵 산리오 비타민 꾸미! 멀티비타민&미네랄 구미덕 젤리 120구미 (40구미x3박스) (랜덤),8271,30000
2026-07-24 10:15,54,정관장,[정관장] 활기력 (20ml x 30병),9030,82000
2026-07-24 10:15,55,센트룸,[센트룸] 맛있는 멀티비타민 미네랄 멀티구미 (40구미),11101,15000
2026-07-24 10:15,56,덴프스,원조 한팩비타민 트루바이타민 1박스(1개월분) 고함량 비타민 부모님 수험생 직장인 선물 활력충전 프리미엄 멀티비타민,5889,25000
2026-07-24 10:15,57,덴프스,덴마크직수입 유산균 덴마크 유산균이야기 2개월분 부모님 수험생 직장인 선물 실온보관 유산균 100억 CFU 보장,10170,30000
2026-07-24 10:15,58,트루헬퍼,국가대표 비타민 (30포)트루헬퍼 이뮨 멀티비타민 에브리비타 구미 젤리 스틱 2박스 (30입) / 메세지카드 증정,5266,30000
2026-07-24 10:15,59,광동생활건강,"단독에디션 [광동] ""고객 만족도 1등 비타민""비타500데일리스틱 2g*30포",34135,9900
2026-07-24 10:15,60,동아제약,"[단독] 비타그란 비타민C 구미젤리 버라이어티팩 (복숭아/포도/오렌지 3가지맛, 45봉 대용량) + 팝핑스틱 20포 증정",1940,28000
2026-07-24 10:15,61,정관장(LuX),지삼地蔘 [정관장] 에브리타임 리미티드 (10ml x 30포) _ 대한민국 명품 홍삼,3816,139000
2026-07-24 10:15,62,그레인온,[그레인온] 골드 카무트 브랜드밀 효소 3개월(+선물포장)+파인키위효소 증정,4913,45900
2026-07-24 10:15,63,GNM자연의품격,[4개월분] GNM 건강한 간 밀크씨슬 선물세트 1박스 / 실리마린 비타민B 부모님 직장인 수험생 선물,15865,21900
2026-07-24 10:15,64,종근당건강,온가족 유산균 선물 ALL NEW 락토핏 골드 3통(150일분),3348,32700
2026-07-24 10:15,65,오쏘몰,남성/여성 선택가능 오쏘몰 바이탈 m/f 30입 - 시그니처 기프트 에디션 (공식수입),5089,105000
2026-07-24 10:15,66,익스트림,아이스크림 증정 윤경호 PICK [한팩 종합비타민 멀티비타민+오메가3+루테인+밀크씨슬] 올인원 포맨 멀티팩 30포 1박스 + 쇼핑백 증정,1631,38900
2026-07-24 10:15,67,레모나,"쇼핑백 증정 ""하루 한 포, 비타민C"" 레모나산 30일분 - 춘식이 +쇼핑백",1229,7900
2026-07-24 10:15,68,동국제약,2병더+홍삼추가증정 동국제약 마이핏 올인원 이뮨 액상 멀티비타민 8개입 2박스+홍삼5포+2병더+에디션 / 선물 직장동료 감사 수능응원,5378,38900
2026-07-24 10:15,69,닥터프로그램,임신/출산 축하선물 [선물 박스]닥터프로그램 차병원 마더스케어 올인원 플러스 (1개월분) 임신준비 임산부 출산 후 영양제 엽산 종합 멀티비타민,1494,54900
2026-07-24 10:15,70,엔젯오리진,새콤달콤 비타민젤리 엔젯오리진 비타프레쉬 비타민C&D 귤젤리 멀티비타민 등 모음전,5022,9900
2026-07-24 10:15,71,한끼통살,[한끼통살] 닭가슴살 한달 식단패키지 30팩+(증정)보냉백,7850,48900
2026-07-24 10:15,72,오쏘몰,독일 오쏘몰 신제품 오쏘몰 이뮨 ODP(구강용해 멀티비타민) 7입 - 가정의달 기프트 에디션 (고급패키징+오쏘몰 키캡키링 증정),650,28900
2026-07-24 10:15,73,옵티젠,한국인 맞춤 비타민 옵티젠 이뮨 멀티비타민&미네랄 4입 / 1박스,31,12900
2026-07-24 10:15,74,한끼통살,[한끼통살] 닭가슴살 순삭 10팩세트(소스통살5+닭가슴살볼5),6076,19900
2026-07-24 10:15,75,고려은단,리뷰이벤트 NEW 고려은단 멀티비타민 올인원 종합비타민 60정 (4종 택1),11285,20900
2026-07-24 10:15,76,이지맘,산후조리 출산선물 [선물포장+샘플 증정] 출산한 산모를 위한 이지맘 멀티비타민 영양제 수유부 출산후 종합비타민 [메시지카드],3160,34500
2026-07-24 10:15,77,려원담,"""100일의 면역력"" 6년근 홍삼정 에버타임 스탠다드 홍삼 스틱 100포 (원통)",8413,37800
2026-07-24 10:15,78,노티드(건강),호텔 숙박권 증정! [리유저블백 증정] 노티드 비타민 꾸미 선물세트 단독에디션(120구미) + 쇼핑백 증정 / 멀티비타민,26726,30000
2026-07-24 10:15,79,고려은단,비타민C+D 고려은단 비타민C 1000 이지+비타민D 120정,10615,12000
2026-07-24 10:15,80,종근당,단독/1입 추가증정 이뮨 멀티비타민 10+1입 마시는 액상 종합 비타민 수험생 직장인 부모님 건강 선물,7319,26900
2026-07-24 10:15,81,노티드(건강),커피증정 EVENT [구미 추가증정] 노티드 비타민 꾸미 (60구미) + 쇼핑백 증정 / 멀티비타민 비타민C D 유산균,32299,17900
2026-07-24 10:15,82,건강식품,[카쇼라단독][입문용] 올인원 스타터 세트 + 아르기닌 2포,18,68000
2026-07-24 10:15,83,GNM자연의품격,"""30일팩"" [한판에 비타민+유산균+밀크씨슬+오메가3+루테인] 올인원 뉴트리션 멀티비타민 유산균 30판 1박스(1개월분)",1977,41900
2026-07-24 10:15,84,셀렉스,셀렉스 프로핏 맛있는 완전단백질 250ml 18팩 딸기초코/모카초콜릿/밀크바닐라/바나나+베리오트바 2입 증정,3715,27900
2026-07-24 10:15,85,삼대오백,[운동선물/헬스] 삼대오백 모노 크레아틴 100서빙 운동 필수템 +키링증정,4609,17900
2026-07-24 10:15,86,허벌랜드,캐나다명품비타민젤리 허벌랜드 5종(면역부스트/멀티비타민/고함량 비타민D/눈건강 루테인/고함량 비오틴)식물성구미비타민젤리 택1,44178,15900
2026-07-24 10:15,87,옵티젠,"""간건강+스트레스 피로개선"" 옵티젠 바이탈 밀크씨슬 & 비타민(B,C,D,E) 10입 x 2박스 (+GIFT패키지)",2876,50000
2026-07-24 10:15,88,센트룸,[센트룸] 멀티비타민 2종 선택 (맨/우먼/칼슘/비타민B 옵션),4652,50000
2026-07-24 10:15,89,트루헬퍼,국가대표가 선택한 트루헬퍼 이뮨 멀티비타민 에브리비타 구미 젤리 스틱 1박스 (15입) / 메세지카드 증정,14076,24900
2026-07-24 10:15,90,레모나,"쇼핑백 증정 ""하루 한 포, 비타민C"" 레모나산 70일분 - 카카오프렌즈 +쇼핑백",912,15900
2026-07-24 10:15,91,메디트리,하루한포멀티비타민 올인원 원데이 멀티팩 1박스 + 쇼핑백 종합 멀티 비타민 영양제 이뮨 피로회복 남성 수험생 여성 직장인,335,28900
2026-07-24 10:15,92,아일로,"2입 추가 증정 ""선물하기 1등 콜라겐"" 아일로 타입1 콜라겐 비오틴 앰플 28일분 오간자 에디션+ 앰플 2입 추가 증정",12408,65900
2026-07-24 10:15,93,엔젯오리진,맛있는 비타민 젤리 벨리곰 엔젯오리진 멀티비타민 C&D 아연 구미 모음전 (멀티비타민/비타민B/루테인/콜라겐구미),7246,12900
2026-07-24 10:15,94,정관장(LuX),[정관장] 활기력부스터 3X (30입) [홍삼&고함량비타민&미네랄],2774,112500
2026-07-24 10:15,95,고려은단,명품 원료 고려은단 메가도스 이뮨샷 10개입 X 3개 (30개입) / 멀티비타민 아미노산 아르기닌,2358,52900
2026-07-24 10:15,96,종근당,올인원 명품비타민 이뮨 종합 멀티비타민 14+2입 미네랄 이뮨비타민 수험생 직장인 부모님 건강 선물,15411,45500
2026-07-24 10:15,97,대웅제약,"건강필수템 3종선물 [대웅제약] 국민 건강 영양제 3종세트(오메가3, 마그네슘, 비타민B, 비타민C, 비타민D, 유산균, 루테인, 녹차카테킨 등)",1584,20000
2026-07-24 10:15,98,종근당,종근당 칼슘 마그네슘 비타민D 아연 180정 1박스(3개월분),10077,16900
2026-07-24 10:15,99,센트룸,[카카오 단독 특가]센트룸 원데이팩 맨/우먼 2030 30일팩 2종 택1,1253,50000
2026-07-24 10:15,100,아젠다,엄마부터 챙기세요 독일산 명품 여성 멀티 비타민 임신/출산 축하 기프트 AGENDA 에너지 충전 헤리티지 2개입 스페셜 기프트 패키지 SET,7012,49900
2026-07-24 10:15,101,한끼통살,[한끼통살] 단백질 든든형 닭가슴살 21일 식단관리+(증정)전자레인지 용기,1163,38900
2026-07-24 10:15,102,뉴트리포유,명품 비타민 뉴트리포유 듀얼+ 이뮨 종합 멀티비타민&미네랄 10입+2입 증정 - 선물하기 단독 기획팩,4397,29900
2026-07-24 10:15,103,익스트림,아메리카노 증정 에너지 활력선물 [김종국 추천세트]익스트림 아르기닌정 (2개월분) & 밀크씨슬 플러스 (2개월분) + 쇼핑백 증정,22132,27900
2026-07-24 10:15,104,홀랜드앤바렛,영국에서 온 프리미엄 비타민 2종 세트 ABC-Z 종합비타민&마그네슘 (선물포장) +비타민C 증정,4977,26500
2026-07-24 10:15,105,닥터브라이언,맛있는 비타민젤리 [선물세트] 닥터브라이언 비타민 구미5종 기획전 (2개입),2348,30000
2026-07-24 10:15,106,랩노쉬,"BEST 프로틴모음 [랩노쉬] 프로틴 락커 12종 선물세트 (프로틴 드링크 퍼펙트, 단백쿠키, 단백 쿠키바)",466,24900
2026-07-24 10:15,107,고려은단,맛있는 비타민 젤리 고려은단 멀티비타민 구미 (마루는강쥐 에디션) 60구미,12281,12900
2026-07-24 10:15,108,뉴트리디데이,간 편한 선물 간건강 밀크씨슬 2병 (총 6개월분) /실리마린 비타민C,9183,24900
2026-07-24 10:15,109,레모나,"쇼핑백 증정 ""하루 한 포, 비타민C"" 레모나산 50일분 - 카카오프렌즈 +쇼핑백",393,11900
2026-07-24 10:15,110,CJ웰케어,편안한 밤 필수템 식물성 멜라토닌 1mg 구미 젤리 멜라메이트 1박스 (50구미) 수험생/직장인 선물,1037,18900
2026-07-24 10:15,111,익스트림,아르기닌 증정 남친 활력선물 대한민국 NO.1 김종국 트리플아르기닌 6200 (30포) + 아르기닌 추가 증정,5390,45000
2026-07-24 10:15,112,오쏘몰,독일 명품 비타민 오쏘몰 이뮨 멀티비타민&미네랄 60입 - 시그니처 기프트 에디션 (공식수입),3238,205000
2026-07-24 10:15,113,고려은단,리뷰이벤트 고려은단 최고심 비타민C 쏠라C 젤리스틱 30포,12622,27000
2026-07-24 10:15,114,종근당건강,비타민 선물 추천 아임비타 멀티비타민 이뮨샷 7입 / 액상비타민 이뮨비타민 부모님 직장동료 선배후배 선물,1880,19900
2026-07-24 10:15,115,뉴트리디데이,건강선물 슈퍼 피쉬오일 오메가3 1병 6개월분 180캡슐 [케이스동봉],6364,32900
2026-07-24 10:15,116,건강식품,체력회복선물 가나디 비타민 젤리 2종 택1 + 스티커팩 2P 증정 (멀티비타민&미네랄/비타민B&C&에너지부스터),1953,18800
2026-07-24 10:15,117,고려은단,1등 비타민C 고려은단 비타민C 1000 120정 (4개월분),3915,14000
2026-07-24 10:15,118,알디콤,[특허성분 고농축 숙취해소제] 알디콤A 선물세트 (5포입 x 3개 구성),4038,25000
2026-07-24 10:15,119,얼라이브,"""메시지 카드 증정"" [얼라이브] 멀티비타민 60정 6종 택1 (맨/우먼/50+/밀크씨슬/칼슘) 남성 여성 종합비타민 영양제 선물",17433,23900
2026-07-24 10:15,120,종근당건강,프리미엄 비타민선물 [단독] 아임비타 멀티비타민 이뮨샷 1박스(30입) + 드롭드롭드롭 콜라보 파우치 증정,9167,71900
2026-07-24 10:15,121,농협-한삼인,하루1병 건강관리 굿데이앰플 20병+선물포장+쇼핑백+리뷰이벤트 배라쿠폰 / 직장인 친구 지인 건강 선물,34640,29900
2026-07-24 10:15,122,뉴트리디데이,"""이게 바로 찐! 초고함량"" 액상스틱 L-아르기닌 7000 3박스 [케이스 동봉]",1013,30900
2026-07-24 10:15,123,종근당건강,아임비타 멀티비타민 이뮨샷 3박스 (총 21입) / 액상비타민 이뮨비타민 부모님 직장인 선물,195,48900
2026-07-24 10:15,124,허닭,BEST다모였닭 허닭 닭가슴살 다양하게 즐기기 20종 패키지,18178,27900
2026-07-24 10:15,125,동국제약,"직장인수능응원선물 30일한판루틴 ""멀티비타민+밀크씨슬+루테인+오메가3"" 동국제약 마이핏 올인원 마스터팩 멀티팩 1박스+비오틴 증정 동료",1667,29500
2026-07-24 10:15,126,한끼통살,[한끼통살 소스+그릴드 맛보기 10팩] 통살/그릴드 닭가슴살 모음전,8364,23200
2026-07-24 10:15,127,고려은단,관절&연골건강 고려은단 관절 올케어 콘드로이친 MSM NAG 30포 (1개월분),1398,49900
2026-07-24 10:15,128,종근당,면역력 건강 애니타임 골드 6년근 홍삼정/ 녹용 스틱 30포 1세트 (2종 택 1) 건강 피로개선 선물,11679,29900
2026-07-24 10:15,129,프레스샷,일상 활력 충전 프레스샷 1박스 올인원 액상 멀티비타민 종합 데일리 간편 영양케어 컨디션 관리 부모님 직장인 수험생 시험 면접 건강 프레스샷 증정 올인원 토탈 영양 앰플 멀티비타민 10일분,27173,23900
2026-07-24 10:15,130,설혜담,목 건강 지킴이 [파워이뮨 비타민 증정]  설혜담 프로폴리스 담은 배도라지스틱 30포 / 배즙 하루한포 휴대 건강 부모님 목건강 컨디션 선물,7688,19800
2026-07-24 10:15,131,GNM자연의품격,"""한팩에 멀티 종합비타민+밀크씨슬+오메가3+루테인+코큐텐"" GNM 올인원솔루션멀티팩 1박스 / 부모님 직장인 수험생 선물",7495,41900
2026-07-24 10:15,132,종근당,종근당 올인원 이뮨비타 멀티팩 1박스+쇼핑백/ 멀티비타민+밀크씨슬+루테인+알티지오메가3,5103,32900
2026-07-24 10:15,133,고려은단,프리미엄 비타민 고려은단 비타민C 골드플러스 240정(8개월),1100,34900
2026-07-24 10:15,134,퓨어마스터,피부를 위한 선물 퓨어마스터 피부엔 석류 콜라겐 플러스 20ml 20병,2694,23800
2026-07-24 10:15,135,정관장,[정관장] 선물세트 다보록 감사휘편,3167,46800
2026-07-24 10:15,136,센트룸,[센트룸] 맛있는 멀티 비타민 미네랄 멀티구미 (80구미) x 2통,5670,50000
2026-07-24 10:15,137,삼대오백,[헬스/운동]삼대오백 입문자패키지 BCAA+크레아틴+바이퍼 6캔 부스터 EAA 아르기닌 남친 선물,1136,34900
2026-07-24 10:15,138,고려은단,고함량 비타민D 고려은단 메가도스D 비타민D3 4000IU 120정(4개월),1092,11900
2026-07-24 10:15,139,숙취해소제,히말라야 숙취해소제 파티스마트 10개입 2박스 선물세트+[증정] 2개입 5박스+본품 립밤 2개,5472,32000
2026-07-24 10:15,140,종근당,침향환 골드 침향 60환 1세트 부모님 건강 선물,10649,69500
2026-07-24 10:15,141,종근당,간건강 피로개선 밀크씨슬 이뮨 멀티비타민 1박스+젤리증정/ 액상 종합 비타민 직장인 면역 건강 선물,4459,23800
2026-07-24 10:15,142,고려은단,활력 비타민B 고려은단 메가도스B 60정 / 고함량 비타민B 컴플렉스,2220,20000
2026-07-24 10:15,143,익스트림,선물포장 응원 에너지선물 익스트림 김종국 트리플아르기닌 6200 (15포) + 선물 포장,1295,21900
2026-07-24 10:15,144,뉴트리포유,명품 비타민 뉴트리포유 듀얼+ 이뮨 종합 멀티비타민&미네랄 10입x2박스+2입 증정 - 선물하기 단독 기획팩,123,39900
2026-07-24 10:15,145,레모나,"쇼핑백 증정 ""하루 한 포, 비타민C"" 레모나산 150일분 - 카카오프렌즈 +쇼핑백",203,29900
2026-07-24 10:15,146,오쏘몰,독일 명품 비타민 오쏘몰 이뮨 멀티비타민&미네랄 3입,1583,19900
2026-07-24 10:15,147,고려은단,프리미엄 비타민 고려은단 비타민C 골드플러스 180정(6개월),2148,27900
2026-07-24 10:15,148,동화약품헬스케어,"면역력+스트레스완화 [동화약품] 프리미엄 건강케어 마그랩 포 스트레스,에너지 마시는 마그네슘 비타민B 25ml/10개입 - 쇼핑백 증정",1131,25000
2026-07-24 10:15,149,동아제약,비타그란 비타민C 3종 기프트 세트(구미젤리 복숭아맛 120구미+분말 레몬맛 20포+츄어블 베리맛 72정),977,24900
2026-07-24 10:15,150,고려은단,혈행건강 선물 고려은단 식물성 퓨어 알티지 rTG 오메가3 60캡슐(2개월),2299,16900
2026-07-24 10:15,151,산골농장,산골농장 하루한포 배&도라지 스틱 도라지배즙 60포 (원통),3726,26900
2026-07-24 10:15,152,삼대오백,[운동선물/헬스] 삼대오백 BCAA 오리지널 300g 1통 아미노산 수분 보충,6119,17900
2026-07-24 10:15,153,플라이밀,[기프트세트]플라이밀 단백질 프로틴 식사대용 쉐이크 9종 (본품+텀블러+엽서+선물포장),13126,31500
2026-07-24 10:15,154,셀렉스,셀렉스 프로핏 100% WPI 프로틴 음료 330ml 12팩 초콜릿/코코넛/복숭아+베리오트바 2입,1855,26900
2026-07-24 10:15,155,종근당건강,비타민D 2000IU+아연 3개월분 1박스 부모님 직장인 건강,3101,12900
2026-07-24 10:15,156,내츄럴플러스,내츄럴플러스 피로개선 액상 멀티비타민 이뮨샷 7병 2박스+이뮨2병 +쇼핑백/ 밀크씨슬 액상 비타민,15017,32900
2026-07-24 10:15,157,바이오렉트라,"정상적인 면역기능과 유해산소로부터 세포 보호에 필요한 기능성, 임신,출산 후 섭취 가능 [헤어메스 아연,셀레늄 5050mg] 바이오렉트라 헤어메스 아연 셀레늄",433,66000
2026-07-24 10:15,158,그레인온,[그레인온] 골드 카무트 브랜드밀효소G 3개월분+10포증정(총100포),1751,24900
2026-07-24 10:15,159,한끼통살,[한끼통살] 닭가슴살 2주 식단 패키지 14팩,1672,30000
2026-07-24 10:15,160,순수식품,이뮨 올인원 종합 멀티비타민 3박스 총21병/ 선물세트,482,32900
2026-07-24 10:15,161,오니스트,만족도100% [건강/부모님선물/생일추천] 오니스트 스페셜 기프트 에디션 / 트리플콜라겐 & 트리플샤인 중 택 1,8856,38900
2026-07-24 10:15,162,동아제약,동아제약 비타그란 비타민C 레몬맛 20포 X 3박스 (30일분),2148,10000
2026-07-24 10:15,163,데일리,"단독 키캡키링 증정 [키캡 키링&띠부씰스티커 증정] 토이스토리 에디션 데일리 멜팅팝 3개 비타민C, 유산균, 콜라겐 + 토이스토리 쇼핑백",235,28000
2026-07-24 10:15,164,려원담,"하루 한포 건강 [단독] 배를 품은 도라지스틱 30포x12g 국산 도라지,배 함유!",18264,19800
2026-07-24 10:15,165,플라이밀,급찐급빠 플라이밀 단백질쉐이크파우치 스타터팩 6가지맛 총6포 + 쇼핑백증정,11963,18900
2026-07-24 10:15,166,다신샵,식사대용 프로틴 단백질18g 고단백쉐이크 단백한끼 5종 5+5팩,2262,21900
2026-07-24 10:15,167,뉴트리포유,명품 비타민 뉴트리포유 듀얼+ 이뮨 종합 멀티비타민&미네랄 30입 x 2박스,254,105900
2026-07-24 10:15,168,뉴트리원,"[뉴트리원] 김희애 석류 더 콜라겐 젤리 선물세트(3개입) +쇼핑백 증정 / 여성 선물 추천""카카오선물하기",9055,39900
2026-07-24 10:15,169,퓨어마스터,추천 선물 국내산 프리미엄 아카시아꿀100% 허니스틱 패키지 리뉴얼 10g 30포,6186,21900
2026-07-24 10:15,170,네이처메이드,뼈건강 칼마디 네이처메이드 칼슘 마그네슘 아연 비타민D 칼마디 건강 면역력 이뮨 영양제,3688,18900
2026-07-24 10:15,171,랩노쉬,여름한정 메론 출시 [랩노쉬] 프로틴드링크 퍼펙트 350ml 12개입 (초코/바나나/곡물/쿠키앤크림/메론/초당옥수수/카라멜),880,30900
2026-07-24 10:15,172,메디트리,포켓 샐러드 캔디 식이섬유 정 1박스 츄어블 채소 야채 과일 청소년 어린이 선물,8165,15500
2026-07-24 10:15,173,GNC,미국에서온명품비타민 GNC 멀티비타민 + 밀크씨슬 선물세트 + 리미티드 패키지 + 닭다리 과자 증정,12116,30000
2026-07-24 10:15,174,엔젯오리진,선물세트 비타민젤리 엔젯오리진 구미 2통 선물세트(멀티비타민/비타민C&D/석류콜라겐 외),3291,24800
2026-07-24 10:15,175,정관장(LuX),녹용SAT [정관장] 천녹톤 (70ml x 30포),984,261000
2026-07-24 10:15,176,익스트림,쉐이커 증정 운동하는 남친선물 익스트림 단백질 흡수극대화 초코맛 밸런스드 프로틴&류신 + 쉐이커 증정,1463,34900
2026-07-24 10:15,177,웰릿,웰릿 미니언즈 [단독]웰릿 이뮨베라 1박스 x 미니언즈 밥앤팀 인형+아크릴 듀얼 키링(택1/인형 포장) + 10종 스티커 1개 증정 선물세트,7423,29900
2026-07-24 10:15,178,랩노쉬,고단백 식단간식 [랩노쉬] 단백쿠키 10개입 (5종혼합/더블초코/피넛버터/아몬드앤그린티/리치코코넛),13578,12500
2026-07-24 10:15,179,원기담,면역력엔 원기담 6년근 홍삼정 프리미엄 스틱 10g*30포,1107,18900
2026-07-24 10:15,180,정관장,[정관장] 활기단 (3.75g x 10환),1350,32000
2026-07-24 10:15,181,정관장,[정관장] 에브리타임 레귤러 (10ml x 30포) X LAMY 에디션 / 라미,104,102800
2026-07-24 10:15,182,센트룸,"[카카오 단독 특가] 센트룸 원데이팩 맨/우먼 40,50+ 30일팩 4종 택1",372,60000
2026-07-24 10:15,183,CJ웰케어,응원담은 활력선물 [고함량 에너지] 블랙99 흑삼 아르기닌 & 타우린 1박스 (블루베리맛),13610,9900
2026-07-24 10:15,184,젊은농부,"""청정지역 양배추"" 든든한 하루 젊은농부 양배추즙 30포(한달분)",3850,16900
2026-07-24 10:15,185,뉴트리포유,명품 비타민 선물 뉴트리포유 마그샷 비타민 데이케어&멜라샷 멜라토닌 오프케어 (7입+7입) 기프트 에디션,75,33900
2026-07-24 10:15,186,나우푸드,나우푸드 마그네슘 350mg 90정 (3개월분),1155,24000
2026-07-24 10:15,187,건강식품,[카쇼라단독][베스트] 올데이 풀 세트 + 보틀 + 정리함 + 아르기닌 2포,2,222000
2026-07-24 10:15,188,광동생활건강,"[광동]  "" 초복 비타민 선물 추천 "" (+머쉬믹스젤리)  비타500데일리스틱 2g*70포 1박스",13042,14900
2026-07-24 10:15,189,삼대오백,[선물/운동]삼대오백 필수 아미노산 EAA 300g 헬스 직장인 수분보충,2418,27900
2026-07-24 10:15,190,플라이밀,플라이밀 단백질쉐이크파우치 9가지맛 1세트 + 쇼핑백증정,2400,31500
2026-07-24 10:15,191,대웅제약,건강선물 강추 우루샷 활력충전 선물세트 / 60정 / 피로회복제 / UDCA+비타민7종,728,35900
2026-07-24 10:15,192,광동생활건강,"[광동] "" 비타민 먹고 힘내""비타500 데일리 이뮨샷 단독패키지 1박스",2627,17900
2026-07-24 10:15,193,정관장,갱년기여성을위한 [정관장] 화애락 진 토탈솔루션 (70ml x 30포),1815,162000
2026-07-24 10:15,194,바이오렉트라,"간편하게, 물 없이 톡! 긴장 ,수면, 근육, 신경 밸런스 케어, [헤어메스 마그네슘 400mg 울트라 다이렉트 X 30포] 바이오렉트라 해외 아연 이뮨 셀레늄",606,35000
2026-07-24 10:15,195,비마스터,감기는 목넘김 국산 프로폴리스 담은 꿀스틱 15포 / 무더위 활력 회복 에너지 꿀 선물 건강 관리 답례품,29339,27800
2026-07-24 10:15,196,건강식품,호주직수입+항균작용 [오리진에이] 프리미엄 프로폴리스 프레쉬 브레스 스프레이 25ml+쇼핑백증정,2206,26000
2026-07-24 10:15,197,네이처메이드,미국대표 종합비타민 네이처메이드 남성/여성 멀티비타민 고함량 면역력 증진 이뮨 영양제,11253,25900
2026-07-24 10:15,198,익스트림,선물포장 에너지 활력 선물 익스트림 김종국 트리플아르기닌 6200 10포 + 선물포장,23195,16900
2026-07-24 10:15,199,덴프스,밀크씨슬과 비타민 트루바이타민 액티브 2박스(2개월분) 비타민&미네랄 15종 고함량 프리미엄 비타민 밀크씨슬 수험생 부모님 직장인 선물,33,59500
2026-07-24 10:15,200,뉴케어,카카오 단독제품 '선물하기 단독' 완전균형영양식 간편한끼 뉴케어 구수한맛 7입+오트아몬드 7입 14개입(1BOX),71,32900
2026-07-24 10:15,201,종근당건강,"대한민국1등 유산균 ALL NEW 락토핏 골드 1통(50일분) / 온 가족 유산균, 유산균 선물 추천, 부모님 직장동료선물",9882,18900
2026-07-24 10:15,202,헬스헬퍼,혈당 체지방 컷팅 다이어트보조제 맥스컷 프로 크롬 (120캡슐),443,42000
2026-07-24 10:15,203,에버콜라겐,"광채/보습/속건조 ""대한민국1등콜라겐"" 에버콜라겐 타임 2박스 60포(2개월)",1170,49900
2026-07-24 10:15,204,옵티젠,"""듀얼 2in1 올레샷"" 옵티젠 듀얼슬로 엑스트라버진 올리브오일&레몬 10입 / 1박스 (+한정GIFT 괄사선물)",5161,30000
2026-07-24 10:15,205,뉴트리디데이,선물포장/문구선택 직수입 장용성캡슐 오메가3 골드 1100 1병 3개월분 [케이스동봉],2769,20900
2026-07-24 10:15,206,잼/청/꿀,하루한포 건강선물 100% 국내산 1+등급 프리미엄 천연꿀 데일리허니 꿀 스틱 30포 (선물포장),20840,25900
2026-07-24 10:15,207,려원담,추천GIFT 면역력과 피로개선 6년근 홍삼정 에버타임 스탠다드 홍삼 스틱 30포 (원통),9353,18900
2026-07-24 10:15,208,고려은단,1등 비타민C 속편한 고려은단 비타민C1000 중성비타민C 120정(4개월),3304,20000
2026-07-24 10:15,209,정관장,Seoul My Soul 콜라보에디션 [정관장] 베스트 컬렉션 포 서울 (에브리타임샷 20ml*5병 + 활기력 20ml*5병),217,22500
2026-07-24 10:15,210,유한건강생활,단짝 친구 선물 여성 필수 유산균 아내 언니 여동생을 위한 '국내 최초' 질 건강 유산균 이너플로라 1박스 (1개월분),455,24900
2026-07-24 10:15,211,순수식품,6년근 홍삼정 에브리데이 스틱 1박스(30포) +전용쇼핑백,4635,21900
2026-07-24 10:15,212,타이거모닝,[좋은 아침 선물] 진저샷 미니보틀 8개입 (메시지 참 증정),228,29900
2026-07-24 10:15,213,려원담,"[온가족용]""면역력과 피로개선""짱구는못말려 6년근 홍삼정 에버타임 스탠다드or배도라지스틱 택1(20포)",4080,12900
2026-07-24 10:15,214,종근당,빠른 단백질 충전! 아미코어 프로틴샷 12병 1박스 단백질 아미노산 비타민,667,23800
2026-07-24 10:15,215,삼대오백,[운동/헬스]삼대오백 월드클래스 분말 300g 카페인 운동전 집중 에너지 헬스 부스터,1986,29900
2026-07-24 10:15,216,마더네스트,"마더네스트 프로폴리스 마누카꿀 허니, 레몬&진저, 버터&멘톨 목캔디 170g (택1)",5595,13900
2026-07-24 10:15,217,종근당건강,대한민국1등 유산균 락토핏 코어 선물세트 1박스(3개월분) /유산균은 역시 락토핏!,2880,28900
2026-07-24 10:15,218,홀랜드앤바렛,영국 프리미엄 비타민 영양제 올스타 세트 (3종으로 챙기는 하루 필수 에너지) +비타민C 증정,1329,35100
2026-07-24 10:15,219,덴프스,눈건강과 에너지까지 트루바이타민 포커스 1박스(1개월분) /비타민&미네랄 15종 고함량 프리미엄 비타민 루테인지아잔틴 부모님 수험생,91,35000
2026-07-24 10:15,220,종근당건강,"아이클리어 루테인지아잔틴 아스타잔틴 2박스 / 직장동료 선물, 루테인선물, 부모님 선물추천",684,31900
2026-07-24 10:15,221,알디콤,"[프리미엄 감사 선물] 알디콤 AVP 3종 기획세트, 총 15포입",2868,30000
2026-07-24 10:15,222,종근당,종근당 20100 파워 루테인 30캡슐 3박스+선물케이스 /눈건강 직장인선물 선물 추천,2232,18900
2026-07-24 10:15,223,즙쟁이,가벼운 하루 늙은 호박즙 1박스 (30포입) 건강선물 추천,1722,14900
2026-07-24 10:15,224,동국제약,"""흡수빠른 활력 마그네슘"" 동국제약 마그마 스피드샷 마시는 액상 마그네슘 6병 1박스+쇼핑백",404,19900
2026-07-24 10:15,225,정관장,면역선물 [정관장] 에브리타임 소프트 (10ml x 30포) _ 대한민국 명품 홍삼,2219,79900
2026-07-24 10:15,226,GNM자연의품격,30일팩 [한판에 비타민+코엔자임Q10+루테인+알티지오메가3] 올인원 뉴트리션 멀티비타민 코큐텐 1박스,2634,35900
2026-07-24 10:15,227,푸드올로지,"[보틀 증정] 굶지 않는 5일 비움 루틴, 지중해 오일만 클렌즈 (10회분)",2627,25800
2026-07-24 10:15,228,GNM자연의품격,GNM 올인원 이뮨 액상 종합비타민 3박스 (총 21병) / 멀티비타민 이뮨비타민 부모님 직장인 선물,11743,47900
2026-07-24 10:15,229,종근당,종근당 관절연골엔 뮤코다당단백 콘드로이친1200 플러스 2박스+선물케이스/ 소연골 비타민D 비타민K,1669,38900
2026-07-24 10:15,230,GNC,종합비타민&간건강 GNC 남성 건강 세트 (메가맨 멀티 비타민 + 밀크씨슬) + 리미티드 패키지,3606,49900
2026-07-24 10:15,231,엘레나,"""여성 질 건강 유산균"" 유한양행 엘레나 60캡슐+쇼핑백",1782,52000
2026-07-24 10:15,232,건강식품,"""단백질음료"" 테이크핏 맥스24G 250mL x 24입 4종(초코맛/고소한맛/바나나맛/호박고구마맛)",892,32900
2026-07-24 10:15,233,종근당건강,프로메가 오메가3 트리플 장용성 3박스(3개월분),1308,49900
2026-07-24 10:15,234,요헤미티,물에 타먹는 발포형 무설탕 이온음료 요헤미티 워터 네가지 맛 4통(40정),239,34000
2026-07-24 10:15,235,비타민하우스,올리브캡슐&레몬정 올레톡 28정 1박스,4161,36900
2026-07-24 10:15,236,삼대오백,정제로 간편하게 [삼대오백] 크레아퓨어 크레아틴 고함량 120정 독일산 원료,535,22900
2026-07-24 10:15,237,대웅제약,"피로회복 선물 우루샷 멀티비타민 2박스 (40정) + 쇼핑백 증정 / 비타민B, 직장인 선물, 피로회복",2281,25900
2026-07-24 10:15,238,에버콜라겐,"부모님/생일/건강 ""단독패키지+한정수량증정"" 에버콜라겐 타임비오틴 업 30포(1개월) (콜라겐&비오틴&아연)",5754,26000
2026-07-24 10:15,239,정관장,1알로 기력충전 [정관장] 활기단 (3.75g x 30환),719,91000
2026-07-24 10:15,240,알디콤,[쇼핑백 증정] 알디콤Plus 5포입 3개,294,33200
2026-07-24 10:15,241,푸드올로지,[콜라겐 증정] 지중해 엑스트라 버진 올리브오일 캡슐 / 올리브유 캡슐,6357,32800
2026-07-24 10:15,242,대웅제약,"대용량 밀크씨슬 [5개월분] [대웅제약] 밀크씨슬+혈당케어 5개월분(150캡슐) ""대웅은 진짜 유명한 간 명가임"" 직장인 간건강 응원선물",473,28900
2026-07-24 10:15,243,GNM자연의품격,간건강 챙기세요! GNM 건강한 간 밀크씨슬 2박스(총 2개월분) / 간건강 실리마린 비타민B 판토텐산,4619,13900
2026-07-24 10:15,244,익스트림,쉐이커 증정 순도 100% 익스트림 모노크레아틴 플러스 300g (100일분) + 쉐이커 증정,346,16900
2026-07-24 10:15,245,비마스터,무더위 활력 충전 국산 프로폴리스 꿀스틱 30포 / 천연 벌꿀 허니스틱 꿀,4551,54900
2026-07-24 10:15,246,농협-한삼인,나를위한 수면 수면안대 증정+잠잠 앰플 1박스(12병) 꿀잠+리뷰이벤트 배라쿠폰 / 식물성 멜라토닌 굿슬립 타트체리,4809,27900
2026-07-24 10:15,247,정관장,[정관장] 이너제틱 항산화-클렌즈 (15g x 60포) + [증정] 파우치,5334,70550
2026-07-24 10:15,248,GNM자연의품격,"""샤인머스켓맛 맛있는 비타민 젤리"" GNM 행운충전 멀티비타민 구미 선물세트 총 2개월분 (120구미)",9860,21900
2026-07-24 10:15,249,GNM자연의품격,콜라겐구미 증정 GNM 이성경 석류콜라겐젤리 스틱 3박스 (총 45포) / 300달톤,5054,29900
2026-07-24 10:15,250,에버콜라겐,"건강/부모님/생일 ""대한민국1등콜라겐"" 에버콜라겐 타임 50포 (1박스)",1636,44900
2026-07-24 10:15,251,정관장,[정관장] 황진단 (4g x 12환),648,250560
2026-07-24 10:15,252,정관장,[정관장] 홍삼진고 (100g),422,25600
2026-07-24 10:15,253,익스트림,선물포장 활력 필수템 익스트림 듀얼 아르기닌 플러스 120정 (2개월분) + 선물포장,2021,15900
2026-07-24 10:15,254,건강식품,[이영애 효소] '가벼운 하루' 이영애의 건강미식 혼합 SET+효소 4포 증정 (생생효소/새싹효소) 이영애 효소 건강미식 생생 새싹 총,5200,37900
2026-07-24 10:15,255,옵티젠,심쿵 산리오 비타민 꾸미! 멀티비타민&미네랄 구미덕 젤리 (40구미) (랜덤),1137,12900
2026-07-24 10:15,256,종근당건강,"락토핏 골드 선물세트 헬로키티 에디션(3개월분) + 헬로키티 네임택 증정 / 유산균 선물, 온가족 유산균",33168,22900
2026-07-24 10:15,257,익스트림,1포 추가 증정 저당 고단백 익스트림 다이어트 단백질쉐이크 3가지맛 택1(곡물맛/초코맛/제주녹차맛),1086,21900
2026-07-24 10:15,258,CJ웰케어,NEW 로우슈가 [식물성 멜라토닌] 1mg 구미 젤리 멜라메이트 1박스 (로우슈가/오리지널 중 택1),4775,9900
2026-07-24 10:15,259,다신샵,운동할때 먹어 단백질충전 패키지(10팩) / 프로틴쉐이크 단백칩 프로틴바,1962,19900
2026-07-24 10:15,260,플라이밀,"크런치토핑 플라이밀 단백질쉐이크파우치 7개입 1세트, 15가지맛 택1 + 쇼핑백증정",1015,23500
2026-07-24 10:15,261,GNM자연의품격,간건강 챙기세요! GNM 건강한 간 밀크씨슬 선물세트 1박스(총 6개월분) / 간건강 실리마린 비타민B,3209,33900
2026-07-24 10:15,262,랩노쉬,달콤한 식단 선물 [랩노쉬] 단백 쿠키바 틴케이스 선물세트 2종(쿠키앤크림+블랙쿠키/12개입) 프로틴바 단백질바,3963,15900
2026-07-24 10:15,263,종근당건강,아임비타 멀티비타민 이뮨샷 2박스(14입) / 액상비타민 이뮨비타민 부모님 직장동료 선배후배 선물,83,33900
2026-07-24 10:15,264,CJ웰케어,"피부면역 & 장케어 [파우치에 쏙, 초소형 캡슐] 피부 면역 100억 고함량 유산균 바이오코어 (캡슐/포 택1)",674,10900
2026-07-24 10:15,265,GNM자연의품격,"GNM rTG 알티지 오메가3 60캡슐 2박스 / 1일 EPA+DHA 1,000mg",2446,29900
2026-07-24 10:15,266,다신샵,탄수DOWN 저당 오늘은현미주먹밥 100g 10종 10팩 / 식단관리,1001,19900
2026-07-24 10:15,267,뉴트리포유,명품 비타민 뉴트리포유 듀얼+ 이뮨 종합 멀티비타민&미네랄 7입 x 2박스 - 선물하기 단독 기획팩,594,37900
2026-07-24 10:15,268,그레인온,[그레인온] 카무트 브랜드밀 프리미엄 효소90 3개월분+10포+쇼핑백 증정,290,53800
2026-07-24 10:15,269,아젠다,엄마부터 챙기세요 독일산 명품 여성 멀티 비타민 임신/출산 축하 기프트 AGENDA 에너지 충전 헤리티지 멀티 비타민 기프트 패키지 SET,6284,27900
2026-07-24 10:15,270,종근당건강,비타민D 2000IU 아연 2박스 (총 6개월분),2259,25700
2026-07-24 10:15,271,프로티원,선물박스+보틀증정 [단독/쇼핑백/선물포장] 프로티원 단백질 쉐이크 & 보틀 gift 세트 (+ 메세지카드),2366,36900
2026-07-24 10:15,272,뉴트리원,명품비타민 [뉴트리원] 올인원 종합비타민 이뮨샷 3박스(21병/3주분) +2병&쇼핑백&밀크씨슬 증정 / 멀티비타민&미네랄,1642,49700
2026-07-24 10:15,273,종근당,종근당 칼슘 마그네슘 비타민D 아연 180정 2병(6개월분)+NP 비타C구미 1봉+선물케이스,1004,28900
2026-07-24 10:15,274,건강식품,올인원 아르기닌 비타 부스터 오렌지 (14포) 5박스 + 보틀 + 아르기닌 2포,2,155500
2026-07-24 10:15,275,GNM자연의품격,피로한 눈을 위해! GNM 루테인 지아잔틴 아스타잔틴 2박스(총 2개월분) / 눈건강,1396,29900
2026-07-24 10:15,276,허벌랜드,캐나다명품젤리비타민 허벌랜드 귤젤리 4종(비타민B컴플렉스/에너지멀티비타민/세포보호비타민C/비타민D3 1000 IU)비타민구미젤리 택1,19019,19900
2026-07-24 10:15,277,숙취해소제,술자리 필수 선물 히말라야 숙취해소제 파티스마트 술자리 기프트세트 (4박스+2개입 4박스) +[증정] 보드게임 츄루마불,2010,35000
2026-07-24 10:15,278,원기담,"""프리미엄한병"" 원기담 천종산삼배양근 기프트박스 20ml*20입",6973,35800
2026-07-24 10:15,279,종근당,종근당 활력 비타민B 플러스 2박스(4개월분)+NP 비타C구미 1봉+선물케이스 /활력충전 선물 추천,1391,29900
2026-07-24 10:15,280,순수식품,하루한포의 건강선물 [단독] 도라지배즙 1박스(25포) 배도라지즙,15135,11900
2026-07-24 10:15,281,종근당,종근당 액상 마그네슘 스피드 이뮨샷 15포 2박스 / 마시는 글루콘산 아연 비타민B,1256,25900
2026-07-24 10:15,282,타이거모닝,[선물 만족도 1등] 진저샷 스타터키트 진저샷 1병 & 샷잔 (메시지 참 증정) / 직장인 친구 지인 선물,4962,30900
2026-07-24 10:15,283,엘레나,"""여성 질 건강 유산균"" 유한양행 엘레나 30캡슐 1개",608,35000
2026-07-24 10:15,284,대웅제약,미미미누 비타민 [선물포장] 대웅제약 활력충전 비타민 에너씨슬 퍼펙트샷 이뮨+ (10+2입 증정) /고함량 밀크씨슬 피로케어 직장인선물,9046,29900
2026-07-24 10:15,285,유한건강생활,비타민선물 [호빵맨 키링 증정] 돌려서 톡! 호빵맨 트위스트샷 에너지 10개입 3박스 / 고함량 멀티비타민&미네랄 응원선물 직장동료선물,132,82900
2026-07-24 10:15,286,동국제약,"임신준비선물 ""여성/임신준비 3종 선물세트"" 동국제약 활성 엽산800+식물성오메가+비타민D+부적키링증정 / 예비맘 출산 임산부 영양제",73,35900
2026-07-24 10:15,287,프롬바이오,편안한 하루 마무리 [리뷰이벤트] 편안한 밤 식물성멜라토닌 멜라마인 1정당 5mg 30일 가족+직장인선물,1220,17900
2026-07-24 10:15,288,정관장,[정관장] 홍삼원세트 (50ml x 20포),4390,20300
2026-07-24 10:15,289,종근당건강,"분말비타민C 아임비타 면역비타민C1000 1박스 (60포) / 분말스틱, 비타민C, 분말비타민",942,19900
2026-07-24 10:15,290,웰릿,맛있는 면역 젤리 [석고 방향제 증정] 웰릿 이뮨베라 14포 2박스(+카카오단독선물포장/쇼핑백) 면역력증진 장건강 피부건강 3중 기능성,1692,38900
2026-07-24 10:15,291,대웅제약,"명품 건강선물 우루샷 1주일 피로회복 SET / 2정 8개/ 피로회복 영양제, 식약처인증, 직장인 선물",1882,14900
2026-07-24 10:15,292,덴프스,비피더스 100% 덴마크 유산균이야기 프로 2개월분 실온보관 온가족 대장 유산균 100억 CFU 보장,696,34000
2026-07-24 10:15,293,뉴케어,1등 완전균형영양식 뉴케어 클래식 구수한맛/검은깨맛 200ml 16입(1BOX) 2종 택1,353,32900
2026-07-24 10:15,294,베로카,"[단독] ""비타민C 500% 함유! 에너지 활력 UP"" 베로카 발포 비타민 선물세트 (45정 + 컵)",2490,25900
2026-07-24 10:15,295,다신샵,"""간식먹구 힘내"" 죄책감없이 다신나는간식박스 16종 선물세트 가벼운 단백질 과자",2253,26900
2026-07-24 10:15,296,다신샵,식사대용 프로틴 단백질18g 고단백쉐이크 단백한끼 5종 10+10팩,382,38900
2026-07-24 10:15,297,동국제약,"홍삼5포증정 ""흡수빠른 활력 마그네슘"" 동국제약 마그마 스피드샷 마시는 액상 마그네슘 6병 2박스+홍삼5포+쇼핑백",113,35900
2026-07-24 10:15,298,닥터프로그램,출산 선물 [선물 포장] 닥터프로그램 차병원 마더스케어 올인원 솔루션 1박스 (1개월분) 출산선물 수유부 산후조리 올인원 영양제,135,59000
2026-07-24 10:15,299,다신샵,5팩 맛보기 고단백쉐이크 단백한끼 5종 5팩 / 식사대용 프로틴,921,12900
2026-07-24 10:15,300,고려은단,"건강이 최고심! 고려은단 최고심 쏠라C 30정 x 4개(레몬맛, 블루베리맛 택1) 비타민C 캔디",6652,12000
2026-07-24 10:15,301,플라이밀,"2주플랜 플라이밀 단백질쉐이크파우치 7개입 2세트, 15가지맛 택2",248,38900
2026-07-24 10:15,302,종근당,간건강 피로개선  이뮨 듀오 밀크씨슬 2박스+비타민젤리 증정/ 마시는 액상 멀티 종합 비타민 직장인 부모님 건강 선물,726,46500
2026-07-24 10:15,303,고려은단,맛있는 레몬맛 분말 면역케어 고려은단 비타민C 분말 스틱 60포 X 1개 (2개월분),772,16000
2026-07-24 10:15,304,종근당건강,다이어트+장건강선물 종근당건강 락토핏 슬림 1통 / 다이어트 유산균,2175,26900
2026-07-24 10:15,305,고려은단,대한민국 1등 고려은단 비타민C 1000 600정 (20개월분),3379,49900
2026-07-24 10:15,306,삼대오백,[간편/헬스]삼대오백 크레아틴 정제 120정 운동 건강 영양제,74,17900
2026-07-24 10:15,307,원기담,"""하루한병"" 원기담 메가 알부민 맥스 20ml 30병(30일분 액상형 앰플)",3711,49000
2026-07-24 10:15,308,젊은농부,"""청정지역 양배추"" 든든한 하루 젊은농부 양배추즙 60포(두달분)",842,32900
2026-07-24 10:15,309,23.5,이십삼쩜오 천연벌꿀 허니스틱 꿀스틱 30포 (아카시아/야생화/밤 외) 특가세트,2707,26900
2026-07-24 10:15,310,푸드올로지,1등 다이어트 선물 [쇼핑백 증정] 빨간통 다이어트 콜레올로지 컷 프로 30정(1병),2797,23900
2026-07-24 10:15,311,건강식품,"""단백질음료"" 테이크핏 맥스 24G 250mL 혼합세트 (고소한맛 12개+초코맛 12개)",165,32900
2026-07-24 10:15,312,건강식품,[황금빛건강] 테라큐민 맥스 60 수용성 커큐민 울금 강황 정제 60정 테라큐민 맥스 60 300mg x 60정,237,30000
2026-07-24 10:15,313,푸드올로지,"[콜라겐 증정] 레몬 올레샷, 엑스트라 버진 올리브오일 캡슐 / 올리브유 유기농 레몬즙",5015,29800
2026-07-24 10:15,314,종근당건강,혈행건강 오메가선물 프로메가 알티지 오메가3 듀얼S 1박스(30일) / 흡수율UP 장용성 캡슐 오메가3,1428,25500
2026-07-24 10:15,315,건강식품,올인원 아르기닌 비타 부스터 파인애플 (14포) 3박스 + 아르기닌 2포,2,99000
2026-07-24 10:15,316,네이처메이드,맛있는 구미 [미국 대표 젤리 비타민] 네이처메이드 비타민C 구미 영양제 새콤 달콤 고함량,5437,21900
2026-07-24 10:15,317,건강식품,"""따뜻한 선물"" 당신의 건강을 밝혀드릴게요 비타민C 50포",7531,14900
2026-07-24 10:15,318,GNM자연의품격,뼛속까지감사한마음 [총 6개월분] GNM 칼슘 마그네슘 아연 비타민D 90정 x 2병 / 망간 뼈건강 칼마디,1302,24900
2026-07-24 10:15,319,려원담,"[온가족용] ""국내산 배도라지 힘"" 짱구는못말려 배도라지 스틱 20포 / 국산 도라지, 배 함유",2065,12900
2026-07-24 10:15,320,비타민하우스,"7월 더위특가 생일/활력비타민 시작된 장마철! 무더위 타파 ""비타민 선물추천' 비타민 멀티 츄어블 포맨 / 포우먼 2개월",12287,17900
2026-07-24 10:15,321,정관장,[정관장] 화애락 큐 토탈솔루션 (25ml x 7병) + 콜라겐 핸드크림,109,33000
2026-07-24 10:15,322,아일로,선물하기 1등콜라겐 아일로 뮤신 콜라겐 젤리 20포 + 선물용 쇼핑백 증정,3274,30000
2026-07-24 10:15,323,동국제약,"""고함량 콜라겐 4000mg"" 동국제약 저분자 액상콜라겐 앰플 부스터샷 4000 1박스(14병)+기프트백+비오틴 증정/여자친구",7068,25900
2026-07-24 10:15,324,옵티젠,심쿵 산리오 비타민 꾸미! 멀티비타민&미네랄 구미덕 젤리 (40구미x2박스) (랜덤),57,21900
2026-07-24 10:15,325,얼라이브,비타민 선물 얼라이브 맥스비타 트위스트샷 2박스 (14개입) / 고함량 액상 비타민 활기 에너지,18,35900
2026-07-24 10:15,326,종근당건강,피로개선 홍삼 1일 1포로 간편한 종근당건강 홍삼정 스틱 1박스 (30포),3056,24900
2026-07-24 10:15,327,가든오브라이프,"""유기농 영양제 건강 선물"" 가든오브라이프 종합 멀티비타민 / 정관장 비타민",1462,47500
2026-07-24 10:15,328,덴프스,고함량 비타민D 비타민D 츄어블 4000IU 3박스(6개월분) 맛있는 츄어블 프리미엄 고함량 햇빛 비타민 레몬맛,484,29900
2026-07-24 10:15,329,동국제약,"비타민선물 ""센랑이부채증정"" 동국제약 마이핏V 이뮨 멀티비타민 8병+기프트백 / 응원 부모님 직장동료 감사 수험생 직장인 영양제 선물",54882,22900
2026-07-24 10:15,330,솔가,솔가 엽산 800 100정,99,30400
2026-07-24 10:15,331,농협-한삼인,홍삼앰플+비타민9병 멀티비타G 이뮨샷 (7+2입)+리뷰이벤트 배라쿠폰 홍삼+멀티비타민+미네랄 20종/직장인 친구 건강 선물,34918,19900
2026-07-24 10:15,332,동국제약,여성/임신선물 추천 마이핏V 활성엽산 800 2박스(2개월분)+기프트백 / 예비맘 임신준비 임산부 임신축하 선물,170,30900
2026-07-24 10:15,333,쁘띠앤,임신출산선물 국민 칼마디 리뉴얼 (2개월) 칼슘 마그네슘 비타민D 뼈 관절 건강 임산부 수유부 선물,788,46700
2026-07-24 10:15,334,마더네스트,"[호주직수입] 마더네스트 프로폴리스 스프레이 위드 마누카허니 30ml, 1세트",3938,16900
2026-07-24 10:15,335,세노비스,"""피부 집중케어"" 세노비스 콜라겐 히알루론산 앰플샷 (20ml/7개입) x 2개 + 손거울 증정",291,32800
2026-07-24 10:15,336,그레인온,[카사베르디] 유기농 레드와인 비니거 500ml 2병 + 발사믹식초 증정,76,39900
2026-07-24 10:15,337,뉴트리코어,쿵야즈 인형 키링 뉴트리코어X쿵야 로우 슈거 식물성 멜라토닌 함유 멜라바인 구미 30포+단독 쇼핑백,6072,9900
2026-07-24 10:15,338,세노비스,"""신경과 근육 기능 관리"" 세노비스 마그네슘 (90정/90일분) x 2개 + 콜라겐 1포 증정",422,31000
2026-07-24 10:15,339,마더네스트,"""피로회복+눈건강"" 마더네스트 이뮨비타민 바이탈 부스터샷 10입 (10일분)_멀티비타민",260,25900
2026-07-24 10:15,340,꿀,따스함이 감기다 지리산 모향골 자연 벌꿀스틱 선물세트 10g x 30포 (아카시아꿀 야생화꿀 밤꿀 각10포) 쇼핑백포함 어버이날 스승의날 건강,911,31900
2026-07-24 10:15,341,CJ웰케어,100억 부자되세요 [화사하게 증식하는] 100억 고함량 유산균 바이오코어 (캡슐/포 택1),1016,9900
2026-07-24 10:15,342,플라이밀,"과일맛 라이블링 애사비 파사비 푸룬 클렌즈 1박스 30포, 6종 택1",1955,25900
2026-07-24 10:15,343,닥터데이알,[부모님 건강 선물] 뼈 관절 연골 3중 케어 타마플렉스 5days (+ 딥 나잇 티 1박스),38,27900
2026-07-24 10:15,344,요헤미티,국가대표 신유빈 PICK 요헤미티 에너지젤 1팩(10포),140,19500
2026-07-24 10:15,345,종근당,이뮨 듀오 멀티 비타민 팩 1박스 올인원 여성 우먼 종합 영양제 여자 미네랄 피로개선 피로회복,221,39500
2026-07-24 10:15,346,뉴트리포유,실속형 명품 비타민 뉴트리포유 듀얼+ 이뮨 종합 멀티비타민&미네랄 2박스(4입) - 선물하기 단독 에디션,113,12900
2026-07-24 10:15,347,락티브,두배 감동 선물 락티브 오은영 활성형 엽산 800ug DFE 1박스(56정) / 예비맘 임산부 출산 선물+손편지 증정,213,24900
2026-07-24 10:15,348,홀리데이즈,"""백억으로 꽉"" 캐나다직수입 100억 유산균 60캡슐 1박스 (2개월분)",479,14900
2026-07-24 10:15,349,황금이네,"""가벼운 하루"" 황금이네 CCA주스 100ml X 30포 사과즙 당근즙 양배추즙",493,27900
2026-07-24 10:15,350,에버콜라겐,"고함량비오틴,속건조 [선물패키지+쇼핑백증정] 에버콜라겐 인앤업 비오틴 업 선물세트 (6주 X 2병)",288,79800
2026-07-24 10:15,351,동화약품헬스케어,"면역력+스트레스완화 동화약품 마그랩 포 스트레스,에너지 액상 글루콘산 마그네슘 25ml*12개입",3967,30000
2026-07-24 10:15,352,대상웰라이프,에너지젤프로 파인애플맛 체험팩 증정 1등 운동러 필수템 뉴케어 스포식스 에너지젤2종(청포도맛/복숭아맛) 총 2BOX(16포),325,26900
2026-07-24 10:15,353,정관장,"[정관장] 더블 수면 스트레스케어 (550mgx30캡슐, 700mgx30정)",1159,37500
2026-07-24 10:15,354,삼대오백,"""For 운동하는 헬스인"" 삼대오백 헬스부스터 [카페인 아르기닌]",2282,18900
2026-07-24 10:15,355,젊은농부,'아름다워져라' 젊은농부 호박즙 30포(한달분),1115,23900
2026-07-24 10:15,356,종근당건강,혈행건강 오메가선물 프로메가 알티지 오메가3 듀얼S 3박스(90일),428,44900
2026-07-24 10:15,357,한끼통살,헬씨.벌스.데이 [선물포장] 한끼통살 닭가슴살 올인원 케이크 15종(통살5입 + 스테이크5입 + 주먹밥5입),1072,28900
2026-07-24 10:15,358,메디트리,수험생 비타민 올인원 이뮨비타민 7+2입 액상 종합 멀티비타민 복날 수험생 부모님 직장인 선물,15633,19900
2026-07-24 10:15,359,농협-한삼인,홍삼삼계탕 증정 2개월분 홍삼진 굿데이스틱 60포+리뷰이벤트 배라쿠폰+쇼핑백 / 건강기능식품 홍삼스틱,1036,31000
2026-07-24 10:15,360,셀렉스,카카오단독 셀렉스 테이스티핏 프로틴 간식 멀티팩 선물세트 (단백질 음료+단백질바),1219,16900
2026-07-24 10:15,361,종근당건강,임신 축하 선물 종근당건강 락토핏 맘스 1통(60일분) / 모유유래 임산부 유산균,757,32900
2026-07-24 10:15,362,셀렉스,셀렉스 프로핏 맛있는 완전단백질 250ml 36팩 딸기초코/모카초콜릿/밀크바닐라/바나나,667,61900
2026-07-24 10:15,363,프로뉴트리션,체지방감소 다이어트 [단독/보틀 증정] 듀얼플랜 다이어트 유산균 1박스 급찐급빠 체지방 감소+장건강 기능성 맛있는 요구르트맛,352,38500
2026-07-24 10:15,364,콤비타(식품),건강 회복 감사선물 [미니마그넷2종증정]콤비타 UMF5+ 마누카 꿀스틱 사셰 7입 x 2박스 (2주일분),379,31800
2026-07-24 10:15,365,닥터프로그램,올인원 임산부영양제 닥터프로그램 차병원 마더스케어 올인원 플러스 1단계(30포x1개월분) 임산부영양제 임신준비 초기 활성형 엽산 오메가3 유산균,487,57900
2026-07-24 10:15,366,에스더포뮬러,No.1 프리미엄 [전용 선물 패키지] 여에스더 리포좀 글루타치온 필름 3개입 선물세트 (총 90매)(인기 선물 추천),289,96000
2026-07-24 10:15,367,한끼통살,[한끼통살] 현미 크리스피 닭가슴살 4종 택1 (90gX10팩),78,28000
2026-07-24 10:15,368,종근당,종근당 비타민C플러스 1000 1통 120포 가루 분말 아스코르빈산,1452,17900
2026-07-24 10:15,369,웰릿,예쁨받는 회식 선물 웰릿 간+스트레스피로싹 알클리버 14정 2박스(+쇼핑백) 알콜성 간건강 개선에 도움 멀티비타민직장인 추천 연말연초 술자리필수템,74,56000
2026-07-24 10:15,370,종근당,종근당 헬시아민 두뇌 인지력엔 포스파티딜세린 PS 분말 스틱 15포 2박스+선물케이스 / 인지력개선 피부보습,26,33900
2026-07-24 10:15,371,삼대오백,"""For 운동하는 헬스인""  삼대오백 WPC 2kg통 프로틴 파우더 단백질 헬스보충제 초코맛 2kg",499,87900
2026-07-24 10:15,372,랩노쉬,고단백 간식 추천 [랩노쉬] 단백쿠키 20개입 (5종혼합/더블초코/피넛버터/아몬드앤그린티/리치코코넛),1174,21900
2026-07-24 10:15,373,프리솔라,약사설계/약국입점 프리솔라 비타민D 2000IU(2개월분) 임산부 임신준비 수유부,221,25500
2026-07-24 10:15,374,종근당,종근당 이뮨 듀오 멀티비타맥스/칼마디/마그네슘 트리플샷 (7입) 택 1 종합 비타민 수험생 직장인 선물 부모님 + 비타 젤리,152,23800
2026-07-24 10:15,375,대웅제약,"피부+피로회복 선물 우루샷 이브 40정, 피부+피로 케어 / 기미주근깨 완화+피로회복제 / UDCA+이노시톨+비타민",1140,29900
2026-07-24 10:15,376,산골농장,하루한포 건강관리 산골농장 하루한포 국내산 배&도라지 스틱 도라지배즙 10포 (실속형),701,9500
2026-07-24 10:15,377,에스더포뮬러,여에스더 글루타치온 필름 1박스 (30매입),1840,24900
2026-07-24 10:15,378,고려은단,유재석 Pick 고려은단 멀티비타민 올인원 종합비타민 30정(1개월),935,15000
2026-07-24 10:15,379,나우푸드,혈행개선 도움 나우푸드 알티지 오메가3 90캡슐 (3개월분),925,34000
2026-07-24 10:15,380,비비슨,미니언즈 x 비비슨 구미젤리비타민 2병선물 4종택2(멀티비타민/비타민C&D/애플사이다비니거/고함량D),248,38900
2026-07-24 10:15,381,슬로우글로우,비타민 영양제 [선물포장] 이너뷰티 구미 젤리 선물세트 (콜라겐+글루타치온) + 쇼핑백,7395,37900
2026-07-24 10:15,382,노티드(건강),커피증정 EVENT 노티드 비타민 꾸미 플리츠파우치 단독 에디션 + 쇼핑백 증정 / 멀티비타민 유산균,544,34900
2026-07-24 10:15,383,랩노쉬,"식단인 간식선물 랩노쉬 프로틴 스낵 바스켓, 총 13입 (프로틴 미니쿠키,단백 쿠키바,단백쿠키)",8332,20900
2026-07-24 10:15,384,타이거모닝,[한 달 아침 루틴 선물] 진저샷 30일팩 (진저샷 3병 / 굿모닝 샷잔 + 메시지 참 증정),546,62800
2026-07-24 10:15,385,더존건강,더존건강 한끼 곤약젤리 150g 15종 각 1팩 체험세트,880,11900
2026-07-24 10:15,386,닥터프로그램,출산 선물 닥터프로그램 수유부 종합 멀티비타민 마더스케어 올인원 플러스 3단계(30병x1개월분) 산후조리 출산 회복 칼슘 미네랄 영양제,767,57900
2026-07-24 10:15,387,오로라(건강),"홈쇼핑 완판 오로라 리포좀 비타민C, 비타민B, 글루타치온 7일팩 2종 선물세트",280,39500
2026-07-24 10:15,388,고려은단,비타민C+D 고려은단 비타민C 1000 이지+비타민D 180정,1245,18000
2026-07-24 10:15,389,고려은단,혈행 건강 선물 고려은단 식물성 퓨어 알티지 오메가3 기억력+ 60캡슐(1개월),640,18000
2026-07-24 10:15,390,삼대오백,삼대오백 WPC 1KG 패키지 헬스 운동 단백질 프로틴,1903,54900
2026-07-24 10:15,391,고려은단,"건강이 최고심! 고려은단 최고심 쏠라C 80정 x 2개(레몬맛, 블루베리맛 택1) 비타민C 캔디",4872,16000
2026-07-24 10:15,392,안국약품,"안국약품 브이팩 남성용/여성용 올인원 종합 멀티비타민 미네랄 30포(30일분), 택1",129,33000
2026-07-24 10:15,393,정관장,[정관장] 다보록 감사가편,1436,61000
2026-07-24 10:15,394,익스트림,쇼핑백 증정 활력 선물 익스트림 듀얼 아르기닌 플러스 240정 (4개월분) + 쇼핑백 증정,509,32900
2026-07-24 10:15,395,대웅제약,"간편한선물 [대웅제약] 에너씨슬 3개월분 ""피로한 간을 위한 단 하나의 선택"" 밀크씨슬",278,29900
2026-07-24 10:15,396,익스트림,테이핑 증정 러닝/등산 운동추천 익스트림 러닝 액티브 에너지젤 (14포) + 스포츠테이프 증정,606,21000
2026-07-24 10:15,397,동화약품헬스케어,"면역력+스트레스완화 [동화약품] 마시는 텐션,피로개선제 마그랩 포 에너지+스트레스 2세트 (25ml*20병)",228,50000
2026-07-24 10:15,398,닥터데이알,[수면안대+선물포장 세트] 편안한 밤 식물성 멜라토닌 멜라시럽 (+ 딥 나잇 티 1박스),4623,29800
2026-07-24 10:15,399,종근당,여성 임신 축하선물 종근당 철분 엽산 비타민D 플러스 1박스(2개월분)+선물케이스 /여성 선물 임신 선물 임산부선물,862,12900
2026-07-24 10:15,400,허닭,식단관리 추천템 허닭FIT 저염 고단백 통 닭가슴살 100g 3종 12팩,427,32900
2026-07-24 10:15,401,락티브,임신축하 선물 락티브 리포퍼 액상 철분 1박스(30포) / 임신축하 출산선물 임산부 출산영양제+손편지증정,238,29900
2026-07-24 10:15,402,대웅제약,피로 케어 선물 [대웅제약] 멀티비타민 에너씨슬 퍼펙트샷 이뮨+ 4입 /비타민B 밀크씨슬 스트레스 피로케어 직장인 응원선물,1225,15900
2026-07-24 10:15,403,뉴트리코어,체내 흡수 rTG형 [뉴트리코어] 초임계 식물성 알티지 오메가3 1박스+단독 쇼핑백,283,49000
2026-07-24 10:15,404,셀렉스,셀렉스 프로핏 100% WPI 프로틴 음료 330ml 24팩 초콜릿/코코넛/복숭아,545,54900
2026-07-24 10:15,405,덴프스,밀크씨슬과 비타민 트루바이타민 액티브 1박스(1개월분) 비타민&미네랄 15종 고함량 프리미엄 비타민 밀크씨슬 수험생 부모님 직장인 선물,503,31000
2026-07-24 10:15,406,건강즙,환절기 선물 프로폴리스 캔디는 뉴트라라이프 프로폴리스 캔디 30개입 1+1,158,19900
2026-07-24 10:15,407,퍼니트,"""고함량 비타민C"" 퍼니트 메가 바이탈 비타민C 3000 90포 + 쇼핑백",4012,14900
2026-07-24 10:15,408,꼬박꼬밥,단독/쇼핑백 꼬박꼬밥 고단저당 단백질 쉐이크 선물세트,183,24500
2026-07-24 10:15,409,다신샵,NO밀가루 식단빵 찐~한 저당 바스크치즈케이크 3종 5팩(오리지널/초코/말차),1960,19900
2026-07-24 10:15,410,GNM자연의품격,GNM 올리브오일 엑스트라버진 식물성 캡슐 30캡슐 x 5박스(총 150캡슐) / 유기농 올리브유 100% 단일품종 스페인산,2674,27900
2026-07-24 10:15,411,네추럴라이즈,걱정없는그날을위해 [쇼핑백 증정][여성추천선물] 네추럴라이즈 감마리놀렌산 달맞이꽃종자유 1박스 총5개월분 / GLA 1001,692,39900
2026-07-24 10:15,412,GNM자연의품격,GNM 올인원 이뮨 액상 종합비타민 1박스 (총 7병) / 이뮨샷 멀티비타민 이뮨비타민 부모님 수험생 선물,15332,19900
2026-07-24 10:15,413,순수식품,하루한포의 건강선물 도라지배즙 1박스(100포) 배도라지즙,1559,32900
2026-07-24 10:15,414,퓨어마스터,진한 석류맛 퓨어마스터 석류 멀티비타민 스틱 12g 30포,13213,19800
2026-07-24 10:15,415,삼대오백,"[헬스 운동 펌핑 부스터]운동에 진심 인 삼대오백 글리펌프 10,000mg 1BOX 15포운동 부스터 선물",431,11900
2026-07-24 10:15,416,허벌랜드,캐나다명품비타민젤리 허벌랜드 2병선물(멀티비타민/면역부스트/비오틴2500/눈건강 루테인/비타민D)맛있는 식물성구미비타민 5종,3267,28500
2026-07-24 10:15,417,순수식품,6년근 홍삼정 진액 에브리데이365 1박스(100포) +전용쇼핑백,37598,29900
2026-07-24 10:15,418,동국제약,"이뮨샷1병증정 ""간건강+스트레스 피로개선"" 동국제약 마이핏 밀크씨슬 이뮨 멀티비타민 리버샷 8병+1병+기프트백 / 피로회복 감사 직장동료",1202,22900
2026-07-24 10:15,419,꿀,감기조심 건강 응원 지리산 모향골 자연 벌꿀스틱 3종 혼합 90포 선물박스 + 쇼핑백 (아카시아꿀 야생화꿀 밤꿀 각 30포),458,53900
2026-07-24 10:15,420,솔가,솔가 철분 25 60캡슐,208,20000
2026-07-24 10:15,421,홀랜드앤바렛,영국에서 온 프리미엄 비타민 칼슘 & 마그네슘 & 아연 & 비타민D 120정,3972,22000
2026-07-24 10:15,422,산골농장,산골농장 국내산 짜먹는 배도라지청 도라지배즙 농축액 30포세트,2928,26900
2026-07-24 10:15,423,로엘,맛있는 간식선물 [20팩] 로엘 팅글 저칼로리 곤약젤리 복숭아/머스캣/애플망고/요구르트/석류/제주감귤 달콤한젤리 탱글한식감 젤리선물,5716,15900
2026-07-24 10:15,424,꿀,감기조심 건강 회복 스위터 아카시아 국민꿀스틱 10포 국산 천연 벌꿀 / 답례품 스틱 꿀 선물,2155,8900
2026-07-24 10:15,425,오니스트,[Ownist Garden Edition] 케라그로우 2박스(28개입),15,59400
2026-07-24 10:15,426,락티브,오은영 감동편지 [1+1] 락티브 오은영 원더 플로라 질 유래 유산균(총 82일분)+생일손편지 증정,8108,19900
2026-07-24 10:15,427,건강식품,호주직수입+항균작용 [오리진에이] 프리미엄 프로폴리스 프레쉬 브레스 스프레이 25ml x 2개+쇼핑백증정,366,50000
2026-07-24 10:15,428,려원담,"""면역력과 피로개선"" 비건 홍삼 6년근 홍삼정 본 601 ORIGIN 30포(쇼핑백)",64,20000
2026-07-24 10:15,429,랭킹닭컴,추천선물 너에게 선물한닭 랭킹닭컴 BEST 식단관리 소스 닭가슴살/크리스피/소프트/볼 선물세트 패키지,3625,19800
2026-07-24 10:15,430,헬스헬퍼,추성훈 다이어트워터 맥스컷 다이어트 핏 3.1 에메랄드워터 (28포),176,59900
2026-07-24 10:15,431,삼대오백,[건강선물] 삼대오백 프리미엄 블랙마카 1통 120정 활력 부스터 운동 건강 선물,490,19900
2026-07-24 10:15,432,센트룸,[센트룸] 원데이팩 우먼/맨 2030 (14일팩) 택1,1654,34900
2026-07-24 10:15,433,정관장,[정관장] 다보록 수연세트(홍삼진본*9포)+(홍삼담은 석류*9포),227,36000
2026-07-24 10:15,434,뉴칸,카카오톡선물하기 단독 1일영양성분100% [뉴칸X위글위글]멀티비타민 구미 젤리 (1병/ 약 30일분),264,17800
2026-07-24 10:15,435,트루엔뉴트리션,"직장인 선물추천 ""한판으로 챙기는 오메가3+마그네슘+비타민B"" 오엠비 멀티팩 (30회분) + GIFT 쇼핑백(대)",232,55000
2026-07-24 10:15,436,익스트림,선물포장 직장인 추천 간건강 피로개선 익스트림 김종국 밀크씨슬 플러스 1박스 (2개월분) + 선물포장,9377,11900
2026-07-24 10:15,437,플라이밀,[보틀&쇼핑백]플라이밀 단백질 프로틴 식사대용 쉐이크 14종 1통,53,29900
2026-07-24 10:15,438,로트벡쉔,"""독일 대표 브랜드"" 로트벡쉔 이뮨샷 올인원 비타민 플러스 1박스(10병) 2종 택1 + 에코백 증정 면역 + 멀티비타민",609,46000
2026-07-24 10:15,439,익스트림,아이스아메리카노 증정 직장인 활력 [김종국 추천세트] 익스트림 블랙마카 1800 (1개월분) & 밀크씨슬 플러스 (2개월분) + 쇼핑뱅 증정,17,36500
2026-07-24 10:15,440,에스더포뮬러,식물성캡슐 안심선물 [체내 흡수 용이 rTG 오메가] 혈행건강 여에스더 초임계 알티지 오메가3 2박스,186,23820
2026-07-24 10:15,441,덴프스,"고함량 마그네슘 마그네슘 솔루션 30포 블루베리맛, 워터믹스 가능 신경,근육기능 유지",250,17700
2026-07-24 10:15,442,종근당,활력가득 비타민 종근당 활력 비타민B 플러스 1박스(2개월분) /비타민 활력충전 직장인 선물추천,1278,15900
2026-07-24 10:15,443,숙취해소제,직장인선물 동국제약 이지스마트 필름형 숙취해소제 선물세트 (2매 5개입) 동료 센스있는 선물 술자리 필수템,9653,15900
2026-07-24 10:15,444,동국제약,"풍성한선물 ""고함량비타민C로 활력충전"" 동국제약 엘리나C 플러스 메가 비타민C 2000 100포+10포추가+쇼핑백 증정 / 부모님 감사",4447,25900
2026-07-24 10:15,445,닥터데이알,[서울대 공동개발] 수험생 직장인 집중템 제로카페인 누트로픽 포커스 젤 (+ 딥 나잇 티 1박스),3677,22800
2026-07-24 10:15,446,GNM자연의품격,임산부 선물 [한판에 멀티비타민+엽산+철분+알티지오메가3+유산균] GNM 올인원 맘스케어 1박스(1개월분) / 활성엽산 비헴철 임신 선물,92,41900
2026-07-24 10:15,447,종근당건강,종근당건강 락토핏 위케어 1통(60포) / 위&장건강 동시케어,32,27900
2026-07-24 10:15,448,마이프로틴,"유럽 NO.1 마이프로틴 드링크 340ml, 2종 12개",24,32900
2026-07-24 10:15,449,GNC,간 건강엔 밀크씨슬 GNC 밀크씨슬 (60캡슐) +기프트백,494,27900
2026-07-24 10:15,450,락티브,"신혼부부선물템 락티브 오은영 미오 이노시톨 앤 콜린 1박스(30포)+손편지 증정""여성건강 임신선물""",610,39000
2026-07-24 10:15,451,건강즙,인기레시피 무꿀배청 [김소형원방] 목편한 무꿀배 스틱 (20g x 15포),2073,16900
2026-07-24 10:15,452,뉴트리디데이,"""김선호 비타민"" ""건강을 선물해요"" 플러스 4종 (멀티비타민/칼슘/오메가3/비타민D) 3+2 [쇼핑백포함]",655,7900
2026-07-24 10:15,453,종근당건강,한포씩 기분좋게 종근당건강 비타씨플러스 20포 비타민C 자일리톨 함유,957,6000
2026-07-24 10:15,454,베노프,피티쌤 추천 부드러운 초코바로 단백질 충전! 베노프 단백질바 1BOX (10개입),856,26900
2026-07-24 10:15,455,청춘농장,빨간석류과즙가득 100% 석류즙 1박스 30포 석류주스,641,14900
2026-07-24 10:15,456,정관장,[정관장] 이너제틱 항산화-콜라겐 (15g x 20포),1,27200
2026-07-24 10:15,457,고려인삼유통,"""면역증진,피로개선"" 홍삼 가득 담은 6년근 골드스틱 [12g x 60포] [진세노사이드 8mg]",566,49900
2026-07-24 10:15,458,푸드올로지,"[보틀증정/센스있는선물] 아침이 가벼워지는 상큼한 습관, 지중해 레몬그린티 (15포)",3028,25800
2026-07-24 10:15,459,노티드(건강),맛있는 이뮨비타민 노티드 스마일 이뮨 멀티비타민 7개입 1박스 + 구미비타민 파우치 + 쇼핑백 증정 / 청포도맛 액상 종합비타민,8793,26900
2026-07-24 10:15,460,파지티브호텔,물 붓기만 하면 [파지티브호텔] 지중해 그린민트 밸런스워터 (1box / 14포),2863,21000
2026-07-24 10:15,461,건강식품,"영국산 비타민C 비토노 이왕재박사 메가 비타민C 3,000mg 90포",116,39900
2026-07-24 10:15,462,랩노쉬,고단백 27g [랩노쉬] 프로틴 파우더 블랙업 올인원 단백질 보충제 900g 대용량 (20일),544,33900
2026-07-24 10:15,463,센트룸,[센트룸] 이뮨 부스트 데일리 프로텍션C 14포 2개입,25,29800
2026-07-24 10:15,464,정관장,[정관장] 홍삼원세트 (50ml x 30포)_딜라이트,329,22400
2026-07-24 10:15,465,GNC,"고함량 액상마그네슘 GNC 아르기닌, 마그네슘 부스터 샷 , 멀티비타민 이뮨 샷 택 1",5428,54900
2026-07-24 10:15,466,휴럼,독일산 고함량 철분 [휴럼] 철분캡슐 1박스 독일산 프리미엄 고햠량 철분,157,18900
2026-07-24 10:15,467,메디트리,하루한포멀티비타민 올인원 원데이 멀티팩 2박스 +쇼핑백 종합 멀티 비타민 영양제 이뮨 피로회복 남성 수험생 여성,14,49900
2026-07-24 10:15,468,레모나,"쇼핑백 증정 ""하루 한 포, 비타민C"" 레모나 에스산 대용량 200포 +쇼핑백",74,29900
2026-07-24 10:15,469,덴프스,원조 한팩비타민 트루바이타민 I 1박스(1개월분) /고함량 비타민 루테인 부모님 수험생 직장인 선물,1702,32000
2026-07-24 10:15,470,락티브,편한 밤을 위한 락티브 식물성 멜라토닌 함유 멜라드림 1박스(2개월분)/동료선물 퇴사선물+오은영손편지 증정,431,24900
2026-07-24 10:15,471,뉴트리디데이,건강선물 종합 비타민 / 칼슘 / 오메가3 3개입 선물세트,17548,14900
2026-07-24 10:15,472,오니스트,트리플콜라겐 1박스(14개입),1280,34900
2026-07-24 10:15,473,휴온스엔,"프리미엄비타민 한포 메리트C산 비타민C 3,000mg 90포 1박스(3개월)",150,36900
2026-07-24 10:15,474,정관장,[정관장] 이너제틱 항산화-콜라겐 (15g x 60포) + [증정] 파우치,2,80750
2026-07-24 10:15,475,알디콤,[1포 추가 증정] 알디콤Plus 5포입 1개,91,12000
2026-07-24 10:15,476,그레인온,[그레인온] 브로멜라인 파인애플 키위효소 3개월분 + 쇼핑백 증정,37,28900
2026-07-24 10:15,477,GNM자연의품격,GNM 초유 산양유단백질 프로틴 유산균 분말스틱 2박스(총60포),62,20900
2026-07-24 10:15,478,광동생활건강,"[광동] "" 감사 선물 추천""  배도라지쌍화스틱 30포 1세트",4029,19800
2026-07-24 10:15,479,네이처메이드,맛있는 구미 [미국 대표 젤리 비타민] 네이처메이드 비타민 B12 D3 구미 영양제 달콤 쫀득 고함량,1162,26900
2026-07-24 10:15,480,얼라이브,"""한 알 가득 비타민 충전"" 얼라이브 멀티비타민 30정 3종 택1 / 멀티비타민,맨,우먼",4741,13900
2026-07-24 10:15,481,일양약품,온가족 건강 선물 [본사운영] 온가족을 위한 대용량 구성 200포! 맛있는 비타민C / 일양약품 프리미엄비타C (200포),198,21000
2026-07-24 10:15,482,정관장,[정관장] 홍삼톤 (50ml x 30포),590,71100
2026-07-24 10:15,483,다신샵,모짜렐라 듬뿍~ 저당 곤약현미떡마리 100g 3종 9팩 / 곤약찰바,484,19900
2026-07-24 10:15,484,종근당건강,현대인 필수템 선물 아임비타 마그네슘샷 1박스 / 액상 마그네슘 직장인 동료 선,159,29900
2026-07-24 10:15,485,퍼니트,한팩에 건강을 쏙! 올인원 이뮨 멀티팩 30팩 1박스 [종합비타민+밀크씨슬+오메가3+루테인] + 선물용 쇼핑백 증정,2220,29800
2026-07-24 10:15,486,네이처메이드,활력 에너지 충전 네이처메이드 슈퍼 비타민B 에너지 콤플렉스 영양제,572,13500
2026-07-24 10:15,487,푸드버킷,건강선물추천 유산균 넣은 리얼 푸룬주스 푸룬쥬스 선물추천 30포X1박스,33,22000
2026-07-24 10:15,488,동국제약,피로회복 선물 동국제약 마이핏V 밀크씨슬 멀티비타민 리버샷 총20개입+숙취해소2종 / 감사 부모님 영양제 선물,306,50900
2026-07-24 10:15,489,다신샵,간식먹고 힘내 입터짐방지스낵 25종 마음대로 골라담기 / 식단과자 단백칩 콘칩 프로틴바 곤약팝콘 쉐이크 초코,2565,14900
2026-07-24 10:15,490,CJ웰케어,피부면역&장케어 [키링+5일키트 GIFT] 피부 면역 100억 고함량 유산균 바이오코어 (캡슐),223,13900
2026-07-24 10:15,491,랩노쉬,더욱 업그레이드 된 [랩노쉬] 프로틴드링크 퍼펙트 350ml 24개입 (초코/바나나/곡물/쿠키앤크림/메론/초당옥수수/카라멜),1347,56900
2026-07-24 10:15,492,황금이네,"""여름철 찬바람 대비"" 황금이네 도라지배즙 어른용 100ml x 30포 배도라지 도라지배",749,24000
2026-07-24 10:15,493,익스트림,선물포장 가벼운 에너지선물 익스트림 가성비 트리플 아르기닌 5000 (15포) + 선물포장,137,14500
2026-07-24 10:15,494,밀잇,요즘대세 선물 밀잇 포켓형 단백질 쉐이크 7개입 세트 9종 택1,486,24500
2026-07-24 10:15,495,랩노쉬,제로칼로리로 가볍게! [클룹] 애사비소다 500ml 12종 12개 골라담기,406,17900
2026-07-24 10:15,496,종근당건강,비타민 선물 추천 아임비타 멀티비타민 이뮨샷 4박스(28입),36,64900
2026-07-24 10:15,497,설혜담,22종 비타민&미네랄을 가득담은 세트 할인 [파워이뮨 비타민 증정] 춘식이 파워 이뮨 멀티비타민&미네랄 7입 x 2박스 / 생일 응원 가벼운선물 직장인 비타민 선물,5235,38900
2026-07-24 10:15,498,발포비타민,"""독일 명품 발포비타민"" 한잘 발포비타민 1개입",671,9800
2026-07-24 10:15,499,플라이밀,2주세트 플라이밀 단백질쉐이크파우치 14가지맛 1세트+초코맛1포 증정,237,45900
2026-07-24 10:15,500,건강식품,굿슬립 아쉬아간다 앤 마그네슘 (15포) 5박스 + 수면 안대 + 아르기닌 2포,1,164000
